,model,n_features,alphabet_name,time,current_memory,peak_memory,dense_matrix
0,AllOrderModel,441,protein,0.00030803680419921875,0.009837,0.05092,False
1,AllOrderModel,441,protein,0.00031685829162597656,0.009733,0.050912,False
2,AllOrderModel,441,protein,0.0003211498260498047,0.009701,0.050904,False
3,AllOrderModel,441,protein,0.000270843505859375,0.009669,0.050896,False
4,AllOrderModel,441,protein,0.00026798248291015625,0.009637,0.050888,False
5,AllOrderModel,441,protein,0.00026488304138183594,0.009573,0.050872,False
6,AllOrderModel,441,protein,0.0002620220184326172,0.009541,0.050864,False
7,AllOrderModel,441,protein,0.0002601146697998047,0.009509,0.050856,False
8,AllOrderModel,441,protein,0.0002598762512207031,0.009477,0.050848,False
9,AllOrderModel,441,protein,0.0002651214599609375,0.009445,0.05084,False
10,AllOrderModel,441,protein,0.0012617111206054688,0.013461,3.210288,True
11,AllOrderModel,441,protein,0.0012447834014892578,0.013453,3.210312,True
12,AllOrderModel,441,protein,0.0012590885162353516,0.013389,3.210312,True
13,AllOrderModel,441,protein,0.0012302398681640625,0.013357,3.210312,True
14,AllOrderModel,441,protein,0.0012509822845458984,0.013325,3.210312,True
15,AllOrderModel,441,protein,0.001268148422241211,0.013293,3.210312,True
16,AllOrderModel,441,protein,0.0012569427490234375,0.013261,3.210312,True
17,AllOrderModel,441,protein,0.0012772083282470703,0.013229,3.210312,True
18,AllOrderModel,441,protein,0.0012569427490234375,0.013197,3.210312,True
19,AllOrderModel,441,protein,0.0012669563293457031,0.013165,3.210312,True
20,AllOrderModel,9261,protein,0.000492095947265625,0.150293,0.848624,False
21,AllOrderModel,9261,protein,0.0004661083221435547,0.150285,0.848624,False
22,AllOrderModel,9261,protein,0.000453948974609375,0.150285,0.848624,False
23,AllOrderModel,9261,protein,0.0004849433898925781,0.150285,0.848624,False
24,AllOrderModel,9261,protein,0.0004520416259765625,0.150285,0.848624,False
25,AllOrderModel,9261,protein,0.00045108795166015625,0.150285,0.848624,False
26,AllOrderModel,9261,protein,0.00045609474182128906,0.150285,0.848624,False
27,AllOrderModel,9261,protein,0.00045108795166015625,0.150285,0.848624,False
28,AllOrderModel,9261,protein,0.00044798851013183594,0.150285,0.848624,False
29,AllOrderModel,9261,protein,0.00045180320739746094,0.150285,0.848624,False
30,AllOrderModel,9261,protein,0.6402080059051514,0.154269,1374.057904,True
31,AllOrderModel,9261,protein,0.6250021457672119,0.154269,1374.057904,True
32,AllOrderModel,9261,protein,0.6116421222686768,0.154269,1374.057904,True
33,AllOrderModel,9261,protein,0.6258511543273926,0.154269,1374.057904,True
34,AllOrderModel,9261,protein,0.6379091739654541,0.154269,1374.057904,True
35,AllOrderModel,9261,protein,0.6069281101226807,0.154269,1374.057904,True
36,AllOrderModel,9261,protein,0.6445560455322266,0.155045,1374.057952,True
37,AllOrderModel,9261,protein,0.7280731201171875,0.15458,1374.0582,True
38,AllOrderModel,9261,protein,0.7933130264282227,0.154333,1374.057904,True
39,AllOrderModel,9261,protein,0.8426322937011719,0.154333,1374.057904,True
40,AllOrderModel,194481,protein,0.003777027130126953,3.113965,17.522504,False
41,AllOrderModel,194481,protein,0.003184795379638672,3.113965,17.522504,False
42,AllOrderModel,194481,protein,0.0033168792724609375,3.113965,17.522504,False
43,AllOrderModel,194481,protein,0.003229856491088867,3.113916,17.522455,False
44,AllOrderModel,194481,protein,0.003141164779663086,3.114029,17.522504,False
45,AllOrderModel,194481,protein,0.0031669139862060547,3.114029,17.522504,False
46,AllOrderModel,194481,protein,0.003092050552368164,3.114029,17.522504,False
47,AllOrderModel,194481,protein,0.0031228065490722656,3.114029,17.522504,False
48,AllOrderModel,194481,protein,0.0030210018157958984,3.114029,17.522504,False
49,AllOrderModel,194481,protein,0.003025054931640625,3.114029,17.522504,False
50,AllOrderModel,4084101,protein,0.09067296981811523,65.348029,367.59248,False
51,AllOrderModel,4084101,protein,0.08327126502990723,65.34798,367.59248,False
52,AllOrderModel,4084101,protein,0.0786740779876709,65.348029,367.59248,False
53,AllOrderModel,4084101,protein,0.07938599586486816,65.348029,367.59248,False
54,AllOrderModel,4084101,protein,0.07805323600769043,65.348093,367.59248,False
55,AllOrderModel,4084101,protein,0.07792115211486816,65.348093,367.59248,False
56,AllOrderModel,4084101,protein,0.07849812507629395,65.348093,367.59248,False
57,AllOrderModel,4084101,protein,0.0812690258026123,65.348093,367.59248,False
58,AllOrderModel,4084101,protein,0.07906913757324219,65.348093,367.59248,False
59,AllOrderModel,4084101,protein,0.08028101921081543,65.348044,367.59248,False
60,PairwiseModel,1261,protein,0.0007779598236083984,0.022685,0.115936,False
61,PairwiseModel,1261,protein,0.0005860328674316406,0.022685,0.115936,False
62,PairwiseModel,1261,protein,0.0005729198455810547,0.022685,0.115936,False
63,PairwiseModel,1261,protein,0.0005550384521484375,0.022685,0.115936,False
64,PairwiseModel,1261,protein,0.0005509853363037109,0.022749,0.115936,False
65,PairwiseModel,1261,protein,0.00055694580078125,0.022749,0.115936,False
66,PairwiseModel,1261,protein,0.0005462169647216797,0.022749,0.115936,False
67,PairwiseModel,1261,protein,0.0005609989166259766,0.022749,0.115936,False
68,PairwiseModel,1261,protein,0.0006682872772216797,0.022749,0.115936,False
69,PairwiseModel,1261,protein,0.0006058216094970703,0.022749,0.115936,False
70,PairwiseModel,1261,protein,0.007241964340209961,0.026269,25.705904,True
71,PairwiseModel,1261,protein,0.0072290897369384766,0.026333,25.705904,True
72,PairwiseModel,1261,protein,0.007139921188354492,0.026333,25.705904,True
73,PairwiseModel,1261,protein,0.007177829742431641,0.026333,25.705904,True
74,PairwiseModel,1261,protein,0.007115840911865234,0.026333,25.705904,True
75,PairwiseModel,1261,protein,0.007296085357666016,0.026333,25.705904,True
76,PairwiseModel,1261,protein,0.007301807403564453,0.026333,25.705904,True
77,PairwiseModel,1261,protein,0.007290840148925781,0.026333,25.705904,True
78,PairwiseModel,1261,protein,0.007305145263671875,0.026333,25.705904,True
79,PairwiseModel,1261,protein,0.0071659088134765625,0.026333,25.705904,True
80,PairwiseModel,2481,protein,0.0010540485382080078,0.042957,0.210888,False
81,PairwiseModel,2481,protein,0.00096893310546875,0.042957,0.210888,False
82,PairwiseModel,2481,protein,0.0009551048278808594,0.042957,0.210888,False
83,PairwiseModel,2481,protein,0.0009770393371582031,0.042957,0.210888,False
84,PairwiseModel,2481,protein,0.0010178089141845703,0.043021,0.210888,False
85,PairwiseModel,2481,protein,0.000982046127319336,0.043021,0.210888,False
86,PairwiseModel,2481,protein,0.0009801387786865234,0.043021,0.210888,False
87,PairwiseModel,2481,protein,0.000965118408203125,0.043021,0.210888,False
88,PairwiseModel,2481,protein,0.0009570121765136719,0.043021,0.210888,False
89,PairwiseModel,2481,protein,0.0009670257568359375,0.043021,0.210888,False
90,PairwiseModel,2481,protein,0.04117393493652344,0.045885,99.008216,True
91,PairwiseModel,2481,protein,0.04168581962585449,0.045949,99.00828,True
92,PairwiseModel,2481,protein,0.041056156158447266,0.045949,99.00828,True
93,PairwiseModel,2481,protein,0.0459599494934082,0.045949,99.00828,True
94,PairwiseModel,2481,protein,0.042481184005737305,0.045949,99.00828,True
95,PairwiseModel,2481,protein,0.047263145446777344,0.045949,99.00828,True
96,PairwiseModel,2481,protein,0.04029107093811035,0.045949,99.00828,True
97,PairwiseModel,2481,protein,0.03988909721374512,0.045949,99.00828,True
98,PairwiseModel,2481,protein,0.04088878631591797,0.045949,99.00828,True
99,PairwiseModel,2481,protein,0.04042816162109375,0.0459,99.00828,True
100,PairwiseModel,6121,protein,0.002151966094970703,0.103021,0.490008,False
101,PairwiseModel,6121,protein,0.0021932125091552734,0.103021,0.490008,False
102,PairwiseModel,6121,protein,0.002167224884033203,0.103021,0.490008,False
103,PairwiseModel,6121,protein,0.0021729469299316406,0.103021,0.490008,False
104,PairwiseModel,6121,protein,0.002261638641357422,0.103085,0.490008,False
105,PairwiseModel,6121,protein,0.0021829605102539062,0.103085,0.490008,False
106,PairwiseModel,6121,protein,0.002173900604248047,0.103085,0.490008,False
107,PairwiseModel,6121,protein,0.0021440982818603516,0.103085,0.490008,False
108,PairwiseModel,6121,protein,0.0021898746490478516,0.103085,0.490008,False
109,PairwiseModel,6121,protein,0.002209901809692383,0.103085,0.490008,False
110,PairwiseModel,6121,protein,0.5923810005187988,0.104253,600.823496,True
111,PairwiseModel,6121,protein,0.5287659168243408,0.104317,600.82356,True
112,PairwiseModel,6121,protein,0.5852067470550537,0.104317,600.82356,True
113,PairwiseModel,6121,protein,0.5647459030151367,0.104885,600.823464,True
114,PairwiseModel,6121,protein,0.6161179542541504,0.104613,600.823856,True
115,PairwiseModel,6121,protein,0.6083638668060303,0.104317,600.82356,True
116,PairwiseModel,6121,protein,0.5752959251403809,0.104317,600.82356,True
117,PairwiseModel,6121,protein,0.5806500911712646,0.104317,600.82356,True
118,PairwiseModel,6121,protein,0.5482900142669678,0.104317,600.82356,True
119,PairwiseModel,6121,protein,0.5717020034790039,0.104317,600.82356,True
120,PairwiseModel,11361,protein,0.003915071487426758,0.189453,0.888232,False
121,PairwiseModel,11361,protein,0.003929853439331055,0.189453,0.888232,False
122,PairwiseModel,11361,protein,0.003915071487426758,0.189453,0.888232,False
123,PairwiseModel,11361,protein,0.0038940906524658203,0.189453,0.888232,False
124,PairwiseModel,11361,protein,0.003916025161743164,0.189517,0.888232,False
125,PairwiseModel,11361,protein,0.004032135009765625,0.189517,0.888232,False
126,PairwiseModel,11361,protein,0.003938913345336914,0.189517,0.888232,False
127,PairwiseModel,11361,protein,0.003935098648071289,0.189517,0.888232,False
128,PairwiseModel,11361,protein,0.00396418571472168,0.189517,0.888232,False
129,PairwiseModel,11361,protein,0.003915071487426758,0.189517,0.888232,False
130,PairwiseModel,26641,protein,0.008862972259521484,0.441421,2.042312,False
131,PairwiseModel,26641,protein,0.009196996688842773,0.431821,2.032712,False
132,PairwiseModel,26641,protein,0.00924372673034668,0.428317,2.029208,False
133,PairwiseModel,26641,protein,0.009242773056030273,0.428317,2.029208,False
134,PairwiseModel,26641,protein,0.009235143661499023,0.428381,2.029208,False
135,PairwiseModel,26641,protein,0.009217023849487305,0.428332,2.029159,False
136,PairwiseModel,26641,protein,0.009215831756591797,0.428381,2.029208,False
137,PairwiseModel,26641,protein,0.009846925735473633,0.428332,2.029208,False
138,PairwiseModel,26641,protein,0.010182857513427734,0.428332,2.029159,False
139,PairwiseModel,26641,protein,0.010118246078491211,0.428381,2.029208,False
140,PairwiseModel,54741,protein,0.01894092559814453,0.877917,4.128416,False
141,PairwiseModel,54741,protein,0.018999099731445312,0.877917,4.128416,False
142,PairwiseModel,54741,protein,0.018676042556762695,0.877917,4.128416,False
143,PairwiseModel,54741,protein,0.0188443660736084,0.877917,4.128416,False
144,PairwiseModel,54741,protein,0.01865077018737793,0.877981,4.128416,False
145,PairwiseModel,54741,protein,0.018605947494506836,0.877981,4.128416,False
146,PairwiseModel,54741,protein,0.018625974655151367,0.877981,4.128416,False
147,PairwiseModel,54741,protein,0.018815279006958008,0.877981,4.128416,False
148,PairwiseModel,54741,protein,0.01877880096435547,0.877981,4.128416,False
149,PairwiseModel,54741,protein,0.018713951110839844,0.877981,4.128416,False
150,PairwiseModel,120501,protein,0.04024100303649902,1.937901,9.034096,False
151,PairwiseModel,120501,protein,0.040486812591552734,1.930077,9.026272,False
152,PairwiseModel,120501,protein,0.04142594337463379,1.930077,9.026272,False
153,PairwiseModel,120501,protein,0.04073786735534668,1.930077,9.026272,False
154,PairwiseModel,120501,protein,0.04090690612792969,1.930141,9.026272,False
155,PairwiseModel,120501,protein,0.04099392890930176,1.930141,9.026272,False
156,PairwiseModel,120501,protein,0.04086613655090332,1.930141,9.026272,False
157,PairwiseModel,120501,protein,0.041168212890625,1.930141,9.026272,False
158,PairwiseModel,120501,protein,0.04131674766540527,1.930141,9.026272,False
159,PairwiseModel,120501,protein,0.04129672050476074,1.930141,9.026272,False
160,PairwiseModel,252721,protein,0.08441901206970215,4.045597,18.853976,False
161,PairwiseModel,252721,protein,0.08465695381164551,4.045597,18.853976,False
162,PairwiseModel,252721,protein,0.08437395095825195,4.045597,18.853976,False
163,PairwiseModel,252721,protein,0.0848691463470459,4.045597,18.853976,False
164,PairwiseModel,252721,protein,0.08615589141845703,4.045612,18.853927,False
165,PairwiseModel,252721,protein,0.08493709564208984,4.045661,18.853976,False
166,PairwiseModel,252721,protein,0.08630204200744629,4.045661,18.853976,False
167,PairwiseModel,252721,protein,0.08814620971679688,4.045661,18.853976,False
168,PairwiseModel,252721,protein,0.08461999893188477,4.045661,18.853976,False
169,PairwiseModel,252721,protein,0.0847480297088623,4.045661,18.853976,False
170,PairwiseModel,511021,protein,0.17192912101745605,8.178397,38.027408,False
171,PairwiseModel,511021,protein,0.17401814460754395,8.178397,38.027408,False
172,PairwiseModel,511021,protein,0.171522855758667,8.178397,38.027408,False
173,PairwiseModel,511021,protein,0.18176007270812988,8.178397,38.027408,False
174,PairwiseModel,511021,protein,0.17106890678405762,8.178461,38.027408,False
175,PairwiseModel,511021,protein,0.17176508903503418,8.178461,38.027408,False
176,PairwiseModel,511021,protein,0.17153596878051758,8.178461,38.027408,False
177,PairwiseModel,511021,protein,0.17066407203674316,8.178461,38.027408,False
178,PairwiseModel,511021,protein,0.17107129096984863,8.178461,38.027408,False
179,PairwiseModel,511021,protein,0.17162418365478516,8.178461,38.027408,False
180,PairwiseModel,1052661,protein,0.3553128242492676,16.844637,78.195744,False
181,PairwiseModel,1052661,protein,0.3482491970062256,16.844637,78.195744,False
182,PairwiseModel,1052661,protein,0.3632380962371826,16.844637,78.195744,False
183,PairwiseModel,1052661,protein,0.3563861846923828,16.844637,78.195744,False
184,PairwiseModel,1052661,protein,0.3520479202270508,16.844701,78.195744,False
185,PairwiseModel,1052661,protein,0.35336899757385254,16.844701,78.195744,False
186,PairwiseModel,1052661,protein,0.3516678810119629,16.844701,78.195744,False
187,PairwiseModel,1052661,protein,0.35181212425231934,16.844701,78.195744,False
188,PairwiseModel,1052661,protein,0.35140395164489746,16.844701,78.195744,False
189,PairwiseModel,1052661,protein,0.36723780632019043,16.844701,78.195744,False
190,PairwiseModel,2186101,protein,0.7280468940734863,34.979677,162.196768,False
191,PairwiseModel,2186101,protein,0.721350908279419,34.979677,162.196768,False
192,PairwiseModel,2186101,protein,0.7345402240753174,34.979677,162.196768,False
193,PairwiseModel,2186101,protein,0.7254457473754883,34.979677,162.196768,False
194,PairwiseModel,2186101,protein,0.7275350093841553,34.979741,162.196768,False
195,PairwiseModel,2186101,protein,0.7286467552185059,34.979741,162.196768,False
196,PairwiseModel,2186101,protein,0.7252411842346191,34.979741,162.196768,False
197,PairwiseModel,2186101,protein,0.726794958114624,34.979741,162.196768,False
198,PairwiseModel,2186101,protein,0.7224628925323486,34.979741,162.196768,False
199,PairwiseModel,2186101,protein,0.7174890041351318,34.979741,162.196768,False
200,PairwiseModel,4473001,protein,1.5049238204956055,71.570077,331.605512,False
201,PairwiseModel,4473001,protein,1.4831390380859375,71.570077,331.605512,False
202,PairwiseModel,4473001,protein,1.5093560218811035,71.570077,331.605512,False
203,PairwiseModel,4473001,protein,1.5036020278930664,71.570077,331.605512,False
204,PairwiseModel,4473001,protein,1.5171315670013428,71.570141,331.605512,False
205,PairwiseModel,4473001,protein,1.4894123077392578,71.570141,331.605512,False
206,PairwiseModel,4473001,protein,1.5047359466552734,71.570141,331.605512,False
207,PairwiseModel,4473001,protein,1.5042009353637695,71.570141,331.605512,False
208,PairwiseModel,4473001,protein,1.5108590126037598,71.570141,331.605512,False
209,PairwiseModel,4473001,protein,1.49239182472229,71.570141,331.605512,False
